id,name,model_id:id,group_id:id,perm_read,perm_write,perm_create,perm_unlink
access_hr_employee_family_employee_user,access.hr.employee.family.employee.user,model_hr_employee_family,base.group_user,1,0,0,0
access_hr_employee_family_hr_manager,access.hr.employee.family.manager.user,model_hr_employee_family,hr.group_hr_manager,1,1,1,1
access_hr_employee_family_hr_user,access.hr.employee.family.user,model_hr_employee_family,hr.group_hr_user,1,1,1,1
access_hr_employee_relation_user,access.hr.employee.relation.user,model_hr_employee_relation,base.group_user,1,1,1,1
