<?xml version="1.0" encoding="UTF-8"?>
<!--<meta name="viewport" content="width=device-width, initial-scale=1.0">-->
<templates id="template" xml:space="preserve">
    <t t-name="HrDashboardMain">
        <div class="oh_dashboards">
            <div class="container-fluid o_hr_dashboard">
                <t t-if="this.state.login_employee">
                    <t t-if="this.state.is_manager == true">
                        <t t-call="LoginEmployeeDetails"/>
                        <t t-call="EmployeeDashboard"/>
                        <t t-call="ManagerDashboard"/>
                    </t>
                    <t t-else="">
                        <t t-call="LoginEmployeeDetails"/>
                        <t t-call="EmployeeDashboard"/>
                    </t>
                </t>
            </div>
        </div>
     </t>



   <t t-name="LoginEmployeeDetails">
    <!-- Sidebar Toggle Button (Visible only on mobile view) -->
    <button t-on-click="toggleSidebar" class="sidebar-toggle d-md-none">
<!--        <i class="fa fa-bars"/> Employee Details-->
<!--                <i class="fa fa-user"></i> Employee Details-->
           <i class="fa fa-user" style="margin-right: 8px;"></i> Employee Details
    </button>

    <!-- Sidebar or Employee Details Section -->
    <div t-att-class="{
            'sidebar-active': state.sidebarActive,
            'collapse': !state.sidebarActive,
            'd-md-block': true,
            'd-none d-md-block': !state.sidebarActive
        }">
        <!-- Employee Profile Information -->
        <div class="row main-section">
            <!-- Sidebar: Employee Profile -->
            <div class="col-md-2 col-sm-2 employee_prof">
                <div class="oh_card">
                    <div class="oh-media">
                        <!-- Employee Icon -->
                        <div class="employee_icon">
                            <img class="align-self-center mr-3" alt=""
                                 t-att-src="'data:image/png;base64,'+this.state.login_employee['image_1920']" />
                        </div>
                        <div class="media-body employee_name">
                            <!-- Employee Name -->
                            <h2 class="text-color display-6"><t t-esc="this.state.login_employee['name']" /></h2>
                            <!-- Job Title (optional) -->
                            <t t-if="this.state.login_employee['job_id']">
                                <p class="text-light"><t t-esc="this.state.login_employee['job_id'][1]" /></p>
                            </t>
                            <t t-if="!this.state.login_employee['job_id']">
                                <p class="text-light" style="color:#b6b6b6 !important">Add job title</p>
                            </t>
                        </div>
                        <div class="employee_experience">
                            <!-- Experience Information -->
                            <t t-if="this.state.login_employee['experience']">
                                <p class="text-light">Joined </p>
                                <p><t t-esc="this.state.login_employee['experience']" /> Ago</p>
                            </t>
                            <t t-if="!this.state.login_employee['experience']">
                                <p class="text-light" style="color:#b6b6b6 !important">Joined</p>
                                <p class="text-light" style="color:#b6b6b6 !important">Date</p>
                                <p class="text-light" style="color:#b6b6b6 !important">--/--/----</p>
                            </t>
                        </div>

                        <!-- Sidebar Menu -->
                       <div class="oh-media">
                        <link href="https://cdnjs.cloudflare.com/ajax/libs/font-awesome/5.15.4/css/all.min.css"
                              rel="stylesheet"/>
                        <ul>
                            <li><a href="action-636#menu_id=418"><i class="fa fa-tachometer-alt"></i> Dashboard</a></li>
                            <li><a href="action-353#menu_id=204"><i class="fa fa-users"></i> Employee</a></li>
                            <li><a href="action-410#menu_id=249"><i class="fa fa-clock"></i> Attendance</a></li>
                            <li><a href="action-529#menu_id=330"><i class="fa fa-money-bill-wave"></i> Payroll</a></li>
                            <li><a href="action-167#menu_id=115"><i class="fa fa-calendar"></i> Calendar</a></li>
                            <li><a href="action-516#menu_id=327"><i class="fa fa-check-circle"></i> To-do</a></li>
                            <li><a href="action-244#menu_id=140"><i class="fa fa-calendar-alt"></i> Events</a></li>
                        </ul>

                        </div>
                    </div>
                </div>
            </div>

            <!-- Cards Section -->

            <div class="col-md-2 col-sm-6 hr_contract oh-payslip oh-contracts">
            </div>
            <div class="col-md-2 col-sm-6 hr_contract oh-payslip oh-contracts ">
                <div class="oh-card">
                    <div class="oh-card-body">
                        <div class="stat-widget-one">
                            <div class="stat-icon"><i class="fa fa-money"></i></div>
                            <div class="stat-content">
                                <div class="stat-text">
                                    <a class="job" href="action-529#menu_id=330">Payslips</a>
                                </div>
                            </div>
                        </div>
                    </div>
                </div>
            </div>

            <div class="col-md-2 col-sm-6 hr_contract oh-payslip oh-contracts">
                <div class="oh-card">
                    <div class="oh-card-body">
                        <div class="stat-widget-one">
                            <div class="stat-icon"><i class="fa fa-clock-o"></i></div>
                            <div class="stat-content">
                                <div class="stat-text">
                                    <a class="job" href="action-537#menu_id=340">Timesheets</a>
                                </div>
                            </div>
                        </div>
                    </div>
                </div>
            </div>


            <div class="col-md-2 col-sm-6 hr_contract oh-payslip oh-contracts">
                <div class="oh-card">
                    <div class="oh-card-body">
                        <div class="stat-widget-one">
                            <div class="stat-icon"><i class="fa fa-fw fa-book"></i></div>
                            <div class="stat-content">
                                <div class="stat-text">
                                    <a class="job" href="action-496#menu_id=294">Job Positions</a>
                                </div>
                            </div>
                        </div>
                    </div>
                </div>
            </div>

            <div class="col-md-2 col-sm-6 hr_contract oh-payslip oh-contracts">
                <div class="oh-card">
                    <div class="oh-card-body">
                        <div class="stat-widget-one">
                            <div class="stat-icon"><i class="fa fa-bar-chart"></i></div>
                            <div class="stat-content">
                                <div class="stat-text">
                                    <a class="job" href="action-374#menu_id=223">Projects</a>
                                </div>
                            </div>
                        </div>
                    </div>
                </div>
            </div>

            <div class="col-md-2 col-sm-6 hr_contract oh-payslip oh-contracts">
                <div class="oh-card">
                    <div class="oh-card-body">
                        <div class="stat-widget-one">
                            <div class="stat-icon"><i class="fa fa-calendar"></i></div>
                            <div class="stat-content">
                                <div class="stat-text">
                                    <a class="job" href="action-167#menu_id=115">Upcoming Holidays</a>
                                </div>
                            </div>
                        </div>
                    </div>
                </div>
            </div>
        </div>
    </div>
</t>






    <!-- ManagerDashboard Done -->
    <t t-name="ManagerDashboard">

    </t>

   <!-- EmployeeDashboard Done -->
    <t t-name="EmployeeDashboard">
        <div class="row main-section">
            <div class="col-md-2 col-sm-2 dummy"/>
            <div class="col-md-6 col-lg-5">
    <div class="hr_notification">
        <div class="hr_notification-head"
             style="text-align: center; font-weight: 600; margin: 0 auto; width: 100%;">
            UPCOMING BIRTHDAY
        </div>
        <div class="col-xs-12 text-align">
            <t t-if="this.state.employee_birthday">
                <t t-foreach="this.state.employee_birthday" t-as="employee" t-key="employee['id']">
                    <!-- Set today's date -->
                    <t t-set="today" t-value="(new Date()).toISOString().split('T')[0]"/>

                    <!-- Extract today's month and day -->
                    <t t-set="today_month_day" t-value="(new Date()).toISOString().split('T')[0].slice(5)" />

                    <!-- Extract the employee's birthday month and day -->
                    <t t-set="employee_birthday_month_day" t-value="employee['birthday'].slice(5)" />

                    <!-- Modify the employee's birthday for display with current year -->
                    <t t-set="current_year_birthday" t-value="(new Date().getFullYear()) + '-' + employee['birthday'].slice(5)" />

                    <!-- Display only if the birthday is today or in the future -->
                    <t t-if="employee_birthday_month_day >= today_month_day">
                        <div class="col-sm-12 col-lg-12 birth_emp"
                             t-att-style="employee['is_birthday'] ? 'background: #71639e;' : ''">
                            <div class="text-color">
                                <div class="">
                                    <div class="media">
                                        <!-- Employee Image -->
                                        <a href="#"
                                           style="float: left; padding-right: 6%; pointer-events: none; cursor: default; padding-left: 6%">
                                            <img class="align-self-center birth_img" alt=""
                                                 t-attf-src="/web/image?model=hr.employee&amp;id={{employee['id']}}&amp;field=image_1920"/>
                                        </a>
                                        <div class="media-body">
                                            <!-- Employee Name -->
                                            <h2 class="text-color display-6"
                                                t-att-style="employee['is_birthday'] ? 'color: white; font-weight:500' : ''">
                                                <t t-esc="employee['name']"/>
                                            </h2>
                                            <!-- Employee Birthday (with current year) -->
                                            <p t-att-style="employee['is_birthday'] ? 'color: white; font-weight:500' : ''">
                                                <t t-esc="current_year_birthday"/>
                                            </p>
                                            <!-- Birthday Message -->
                                            <t t-if="employee['is_birthday']">
                                                <span class="birthday">Happiest Birthday – wishing you success and joy in the year!🎉🎁</span>
                                            </t>
                                            <t t-if="employee['days']">
                                                <span class="days_left"> <t t-esc="employee['days']"/> Days Left </span>
                                            </t>
                                        </div>
                                    </div>
                                </div>
                            </div>
                        </div>
                    </t>
                </t>
            </t>
            <t t-else="">
                     <div style="text-align: center; margin-top: 20px;">
                           <p> No upcoming Birthdays..!!</p>
                     </div>
                </t>
        </div>
    </div>
</div>

            <div class="col-md-6 col-lg-5">
                <div class="col-xs-12  hr_notification" style="padding: 0;">
                    <div class="col-xs-12" style="padding:0;">
                        <div class="hr_notification-head"
                             style="text-align: center; font-weight: 600; margin: 0 auto; width: 100%;">
                              UPCOMING EVENTS
                        </div>
                    </div>
                    <div class="col-xs-12 text-align">
                        <t t-foreach="this.state.upcoming_events" t-as="event"
                           t-key="event">
                            <div class="col-sm-12 col-lg-12" style="padding:0;">
                                <div class="text-color">
                                    <div class="">
                                        <div class="media">
                                            <div class="media-body">
                                                <h2 class="text-color display-6"
                                                    style="font-size: 15px;">
                                                   <p>Event Name: <t t-esc="event[1]"/></p> </h2>
                                                <!-- Event Date -->
                                                <p>Date: <t t-esc="event[2]"/>
                                                    -
                                                    <t t-esc="event[3]"/></p>
                                                <!-- Venue -->
                                                <t t-if="event[4]">
                                                     <p>Venue: <t t-esc="event[4]"/></p>
                                                </t>
                                                <!-- Online Status -->
                                                <t t-if="event[4]">
                                                       <p>Online</p>
                                                  </t>
                                            </div>
                                        </div>
                                    </div>
                                </div>
                            </div>
                        </t>
                    </div>
                 </div>
            </div>

            <div class="col-md-2 col-sm-2 dummy"/>
            <div class="col-md-6 col-lg-5">
            <div class="hr_notification">
            <div class="hr_notification-head"
             style="text-align: center; font-weight: 600; margin: 0 auto; width: 100%;">
                UPCOMING WORK ANNIVERSARY
            </div>
            <div>
                <t t-if="state.work_anniversaries.length">
                    <t t-foreach="state.work_anniversaries" t-as="employee" t-key="employee.id">

                        <!-- Display only if the anniversary is today or in the future -->
                        <t t-if="employee['anniversary_date'] > today">
                         <div class="col-sm-12 col-lg-12 work_ann_emp"/>
                        <div class="work_ann_emp" t-att-class="{'highlight-anniversary': employee.is_anniversary}">
                            <div class="media">
                                 <a href="#"
                                           style="float: left; padding-right: 6%; pointer-events: none; cursor: default; padding-left: 6%">
                                            <img class="align-self-center birth_img" alt=""
                                                 t-attf-src="/web/image?model=hr.employee&amp;id={{employee['id']}}&amp;field=image_1920"/>
                                 </a>
                                <div class="media-body">
                                    <h2><t t-esc="employee.name" /></h2>
                                    <p><t t-esc="employee.anniversary_date" /></p>
<!--                                    <t t-if="employee.is_anniversary">-->
<!--                                        <span>Happy Work Anniversary! 🎉</span>-->
<!--                                    </t>-->
                                    <t t-if="!employee.is_anniversary">
                                        <span><t t-esc="employee.days" /> days left</span>
                                    </t>
                                </div>
                            </div>
                        </div>
                    </t>
                    </t>
                </t>
                <t t-else="">
                     <div style="text-align: center; margin-top: 20px;">
                           <p>No upcoming work anniversaries..!!</p>
                     </div>
                </t>
            </div>
        </div>
    </div>

            <div class="col-md-6 col-lg-5">
                <div class="col-xs-12  hr_notification" style="padding: 0;">
                    <div class="col-xs-12" style="padding:0;">
                        <div class="hr_notification-head"
                             style="text-align: center; font-weight: 600; margin: 0 auto; width: 100%;">
                            UPCOMING ANNOUNCEMENTS
                        </div>
                    </div>
                    <div class="col-xs-12 text-align">
                        <t t-foreach="this.state.announcements"
                           t-as="announcement" t-key="announcement">
                            <div class="col-sm-12 col-lg-12" style="padding:0;">
                                <div class="text-color">
                                    <div class="">
                                        <div class="media">
                                            <div class="media-body">
                                                <h2 class="text-color display-6"
                                                    style="font-size: 15px;"><t t-esc="announcement['announcement_reason']"/> </h2>
                                                <p>Date : <t t-esc="announcement['date_start']"/>
                                                    ---
                                                    <t t-esc="announcement['date_end']"/>
                                                </p>
                                            </div>
                                        </div>
                                    </div>
                                </div>
                            </div>
                        </t>
                    </div>
                 </div>
            </div>
        </div>

        <div class="row main-section">
            <div class="col-md-2 col-sm-2 dummy"/>
            <div class="col-sm-5 col-lg-5 user_attendance">
                <div class="oh-card text-color">
                    <div class="oh-card-body pb-0">
                        <div class="hr_notification-head"
                             style="text-align: center; font-weight: 600; margin: 0 auto; width: 100%;">
                        ATTENDANCE
                        </div>
                        <div class="add_lines" t-on-click="add_attendance">
                                <i class="fa fa-plus"/>
                        </div>

                    </div>
                    <div class="attendance_table">
                        <thead>
                            <th>Date</th>
                            <th>Sign In</th>
                            <th>Sign Out</th>
                            <th>Worked Hours</th>
                        </thead>
                        <tbody>
                            <t t-log="this.state.login_employee['attendance_lines'],'Anjana---------------2'"/>
                            <tr class="attendance_lines"
                                t-foreach="this.state.login_employee['attendance_lines']"
                                t-as="lines" t-key="lines['id']">
                                <td t-esc="lines['date']"/>
                                <td t-esc="lines['sign_in']"/>
                                <td t-esc="lines['sign_out']"/>
                                <td t-esc="lines['worked_hours']"/>
                            </tr>
                        </tbody>
                    </div>
                </div>
            </div>
            <div class="col-sm-5 col-lg-5 user_leaves">
                <div class="oh-card text-color">
                    <div class="oh-card-body pb-0">
                        <div class="hr_notification-head"
                             style="text-align: center; font-weight: 600; margin: 0 auto; width: 100%;">
                            LEAVES
                        </div>
                        <div class="add_lines"
                             t-on-click="add_leave">
                                <i class="fa fa-plus"/>
                            </div>
                    </div>
                    <div class="leaves_table">
                        <thead>
                            <th>From Date</th>
                            <th>To Date</th>
                            <th>Type</th>
                            <th>Status</th>
                        </thead>
                        <tbody>
                            <tr class="leave_lines"
                                t-foreach="this.state.login_employee['leave_lines']"
                                t-as="lines" t-key="lines['id']">
                                <td t-esc="lines['request_date_from']"/>
                                <td t-esc="lines['request_date_to']"/>
                                <td t-esc="lines['type']"/>
                                <td>
                                    <span class="state_td"
                                          t-esc="lines['state']"
                                          t-attf-style="background: #{lines['color']};"/>
                                </td>
                            </tr>
                        </tbody>
                    </div>
                </div>
            </div>
        </div>
        <div class="row main-section">
            <div class="col-md-2 col-sm-2 dummy"/>
            <div class="col-sm-5 col-lg-5 monthly_join_resign_trend">
                <div class="oh-card text-color">
                    <div class="oh-card-body pb-0">
                        <h4 class="mb-0">
                        </h4>
                        <div class="hr_notification-head"
                             style="text-align: center; font-weight: 600; margin: 0 auto; width: 100%;">
                        MY LEAVE ANALYSIS
                        </div>
                    </div>
                    <div class="leave_trend" t-ref="leave_trend"
                         style="display: flex; justify-content: center; align-items: center; height: 300px;">
                        <canvas id="leaveTrendChart" style="max-width: 100%; height: 270px;"/>
                   </div>

                </div>
            </div>
            <div class="col-sm-5 col-lg-5  monthly_attrition_rate">
                <div class="oh-card text-color">
                    <div class="oh-card-body pb-0">
                        <h4 class="mb-0">
                        </h4>
                        <div class="hr_notification-head"
                             style="text-align: center; font-weight: 600; margin: 0 auto; width: 100%;">
                            MY SKILL ANALYSIS
                        </div>
                    </div>
                    <div class="skill">
                        <canvas id="skillChart" style="height: 275px;"/>
                    </div>
                </div>
                </div>
        </div>
    </t>

    <!-- EmployeeWarning Done -->
    <t t-name="EmployeeWarning">
        <div>
            <p>Error : Could not find employee linked to user</p>
            <p>Please contact system admin for the setup</p>
        </div>
    </t>


</templates>
<!--</meta>-->




