<?xml version="1.0" encoding="UTF-8" ?>
<odoo>
    <data noupdate="1">
        <!-- Anniversary Mail Scheduler -->
        <record id="work_anniversary_cron_reminder" model="ir.cron" >
            <field name="name">Anniversary Reminder</field>
            <field name="model_id" ref="hr.model_hr_employee"/>
            <field name="interval_number">1</field>
            <field name="interval_type">days</field>
            <field name="state">code</field>
            <field name="code">model._cron_anniversary_reminder()</field>
        </record>
    </data>
</odoo>