id,name,model_id:id,group_id:id,perm_read,perm_write,perm_create,perm_unlink
access_machine_master,machine.master,model_machine_master,,1,1,1,1
access_part_master,part.master,model_part_master,,1,1,1,1
access_production_cell_master,production.cell.master,model_production_cell_master,,1,1,1,1
access_production_planning,production.planning,model_production_planning,,1,1,1,1
access_production_planning_line,production.planning.line,model_production_planning_line,,1,1,1,1
access_plant_master,plant.master,model_plant_master,,1,1,1,1